,Mean (mm),Mean (mm),Mean (mm),Mean (mm),Mean (mm),Mean (mm),Mean (mm),SD (mm),SD (mm),SD (mm),SD (mm),SD (mm),SD (mm),SD (mm)
,7Networks_1,7Networks_2,7Networks_3,7Networks_4,7Networks_5,7Networks_6,7Networks_7,7Networks_1,7Networks_2,7Networks_3,7Networks_4,7Networks_5,7Networks_6,7Networks_7
Age (years),,,,,,,,,,,,,,
5.0,2.497596680175282,2.7210923194568033,2.7542979576035274,3.068588172882653,3.1546015222518573,2.8843703716772104,3.103476747479317,0.10152343911546854,0.1068299390110454,0.10136866922339531,0.09582318144681813,0.11431263863616553,0.10071651018511246,0.09894884004144124
6.0,2.468847444964065,2.696181328322586,2.7229018093831274,3.0410605883329724,3.133154019478857,2.8522524051124236,3.068534391895778,0.10037588216733474,0.10588530924084456,0.10064898608242265,0.09526351192724777,0.11325159561846447,0.09993967952516662,0.09834728901364886
7.0,2.441671330466581,2.6725759693253948,2.693214122801155,3.0148616127672745,3.1128501568377027,2.821829637803688,3.035425958148734,0.09927743028361871,0.10499978768025899,0.0999575831573151,0.09471494870139174,0.11224530681815865,0.09918369063231794,0.09775344907899108
8.0,2.416025033538603,2.6502384265966605,2.665186793553253,2.9899545502364946,3.09365813974815,2.793054710044167,3.0041005351227557,0.09822668915717887,0.10417146868838939,0.09929391828269375,0.09417785383727963,0.11129125578927408,0.0984485833108867,0.0971680490255648
9.0,2.3918652510359406,2.6291308842678,2.638771717335042,2.966302704791514,3.075546173629953,2.765880262127074,2.974507211702414,0.09722234200301103,0.10339849211873044,0.0986575072096101,0.09365260775887548,0.11038711438626249,0.0977344011279386,0.09659179651638407
10.0,2.3691486798143857,2.609215526470183,2.613920789842178,2.943869380483274,3.0584824639029113,2.740258934345595,2.946595076772259,0.09626315136939302,0.10267904993062867,0.09804791900939931,0.09313960067043776,0.10953073419729217,0.09704119047511843,0.09602537487166529
11.0,2.34783201672972,2.5904545373352246,2.590585906770294,2.922617881362663,3.0424352159867554,2.716143366992944,2.920313219216869,0.09534795955078891,0.1020113911863744,0.0974647719681003,0.09263922614605495,0.10872013738924068,0.09636900025047494,0.09546944122212228
12.0,2.327871958637759,2.572810100994352,2.5687189638150123,2.9025115114806073,3.0273726353012713,2.693486200362292,2.8956107279208143,0.09447568774694297,0.10139382560737811,0.09690772990780264,0.09215187651159351,0.10795350708731405,0.0957178820402985,0.09492462577180333
13.0,2.3092252023942885,2.556244401578951,2.548271856672004,2.8835135748880174,3.013262927266209,2.6722400747468487,2.872436691768665,0.09364533414207023,0.10082472586933705,0.09637649889061649,0.09167793970225042,0.10722917743492945,0.09508789069799398,0.0943915319466036
14.0,2.2918484448551038,2.5407196232204132,2.5291964810368674,2.865587375635794,3.0000742973013406,2.652357630439806,2.8507401996449695,0.09285597109052618,0.10030252881458107,0.09587082427312918,0.09121779732714023,0.10654562348566658,0.09447908523225632,0.09387073723871432
15.0,2.2756983828760102,2.526197950050166,2.5114447326052844,2.8486962177748567,2.98777495082643,2.6337915077343603,2.830470340434316,0.09210674159524228,0.09982573575227235,0.09539048808621155,0.09077182371362057,0.10590145107338923,0.09389152993028627,0.09336279458769188
16.0,2.2607317133128033,2.5126415661996107,2.4949685070728576,2.8328034053561297,2.976333093261245,2.616494346923698,2.811576203021261,0.09139685525644219,0.09939291200574049,0.09493530671861185,0.09034038573925463,0.10529538679323452,0.09332529565353509,0.09286823416552431
17.0,2.2469051330212677,2.500012655800146,2.4797197001352367,2.8178722424305054,2.9657169300255437,2.6004187883010297,2.7940068762903736,0.0907255838539356,0.09900268585251586,0.09450512888427412,0.08992384328930896,0.10472626820843338,0.09278046125363089,0.09238756545621371
18.0,2.234175338857199,2.488273402983178,2.46565020748806,2.803866033048901,2.955894666539095,2.5855174721595486,2.7777114491262234,0.09009225670913967,0.0986537469877292,0.09409983385373721,0.08952255020327719,0.10419303437845658,0.09225711506486106,0.09192127954022554
19.0,2.2224990276764096,2.477385991880103,2.452711924826952,2.7907480812622283,2.946834508221674,2.5717430387924476,2.762639010413382,0.08949625595472765,0.09834484462636345,0.09371932992996863,0.08913685559577766,0.10369471678457863,0.09175535643703372,0.09146985151102499
20.0,2.211832896334677,2.467312606622357,2.440856747847583,2.778481691121412,2.93850466049302,2.5590481284929196,2.748738649036403,0.0889370118217572,0.09807478534498024,0.09336355314896339,0.08876710545586339,0.1032304307108236,0.09127529727887686,0.09103374296514616
21.0,2.202133641687813,2.4580154313412987,2.4300365722455606,2.7670301666773556,2.930873328772926,2.5473853815541627,2.7359594538798766,0.0884139980370531,0.0978424307493989,0.09303246618560936,0.08841364444476363,0.10279936712203476,0.09081706358751487,0.0906134045191925
22.0,2.193357960591592,2.449456650168372,2.420203293716542,2.756356811980966,2.923908718481143,2.536707438269371,2.7242505138283457,0.08792672740798559,0.09764669504164811,0.09272605744577735,0.08807681782575201,0.10240078506682909,0.0903807969441351,0.09020927831715976
23.0,2.185462549901843,2.4415984472349526,2.411308807956147,2.746424931083154,2.9175790350374307,2.5269669389317424,2.7135609177663795,0.0874747476577727,0.09748654254744481,0.09244434032634144,0.08775697347152439,0.10203400462143691,0.08996665595985517,0.08982180049981983
24.0,2.1784041064743374,2.4344030066724636,2.4033050106600142,2.737197828034834,2.911852483861576,2.518116523834462,2.703839754578569,0.08705763756206412,0.0973609852545462,0.09218735262584192,0.08745446390446641,0.1016984003807808,0.08957481765913705,0.08945140361487233
25.0,2.1721393271648726,2.427832512612309,2.3961437975238074,2.7286388068869254,2.9066972703733134,2.5101088332707455,2.6950361131494556,0.08667500342672162,0.09726908040253286,0.09195515608971586,0.08716964833373658,0.10139339549534936,0.08920547879098004,0.08909851895240163
26.0,2.166624908829249,2.421849149185874,2.389777064243141,2.720711171690334,2.9020815999924183,2.5028965075337686,2.6870990823636225,0.08632647593726092,0.09720992815587103,0.0917478360753797,0.08690289466040607,0.10111845624622141,0.08885885706063423,0.08876357879508215
27.0,2.1618175483232633,2.4164151005245884,2.3841567065136613,2.7133782264959816,2.8979736781386736,2.4964321869167487,2.679977751105634,0.08601170740216335,0.09718266938438731,0.09156550132389614,0.0866545814281701,0.10087308714568789,0.08853519227679268,0.08844701857671972
28.0,2.157673942502716,2.4114925507598453,2.3792346200310046,2.7066032753547637,2.8943417102318203,2.490668511712867,2.6736212082600423,0.08573036940505524,0.09718648356848457,0.09140828382644857,0.08642509970253784,0.10065682654707848,0.08823474741119557,0.08814927894625411
29.0,2.154150788223389,2.4070436840230496,2.3749627004908,2.7003496223175985,2.8911539016916348,2.4855581222153136,2.667978542711444,0.08548215087440168,0.09722058684044527,0.0912763387753372,0.08621485486606636,0.10046924274439492,0.08795780956935605,0.0878708077374011
30.0,2.1512047823410936,2.403030684445603,2.3712928435886993,2.6945805714354107,2.8883784579378915,2.481053658717298,2.662998843344382,0.08526675657379035,0.09728423016793648,0.09116984459066688,0.08602426832124288,0.10030993054002736,0.08770469087273475,0.08761206184676171
31.0,2.1487926217116082,2.399415736158909,2.36817694502034,2.6892594267590844,2.885983584390332,2.4771077615120047,2.658631199043429,0.08508390601096345,0.09737669768126012,0.09108900301529806,0.08585377909613501,0.10017850825706366,0.08747572925415419,0.08737350902556812
32.0,2.146871003190745,2.396161023294382,2.3655669004813418,2.6843494923395594,2.8839374864687506,2.4736730708926276,2.654824698693153,0.08493333275948081,0.09749730514194473,0.09103403927194834,0.08570384535101096,0.10007461517141662,0.0872712891695805,0.08715562959230448
33.0,2.1453966236342894,2.393228729983424,2.3634146056673613,2.6798140722277397,2.8822083695928726,2.47070222715239,2.6515284311781326,0.08481478418319416,0.09764539854687353,0.09100520227756104,0.08557494578682463,0.09999790933815751,0.08709176223060269,0.08695891807529305
34.0,2.144326179898052,2.3905810403574312,2.361671956274034,2.6756164704745244,2.880764439182509,2.4681478705844406,2.6486914853829227,0.08472802155065196,0.09782035285927757,0.09100276491117351,0.08546758095882855,0.09994806578604963,0.08693756776300442,0.08678388479598734
35.0,2.1436163688378196,2.3881801385478236,2.3602908479969935,2.6717199911308485,2.8795739006573915,2.4659626414820153,2.646262950192091,0.08467282052408535,0.09802157085553602,0.09102702433252195,0.08538227450063797,0.09992477505433726,0.08680915329774234,0.08663105740518534
36.0,2.143223887309374,2.3859882086859816,2.359223176531874,2.6680879382476004,2.8786049594372907,2.4640991801382888,2.6441919144902144,0.0846489720058561,0.09824848207480498,0.09107830234950834,0.08531957426585116,0.09992774204639178,0.08670699500141056,0.0865009823856663
37.0,2.1431054321685297,2.383967434903335,2.358420837574319,2.664683615875702,2.8778258209419767,2.462510126846478,2.6424274671618413,0.08465628332415724,0.09850054185703087,0.09115694583340903,0.08528005339583833,0.09995668517588151,0.08663159805385977,0.0863942265358687
38.0,2.14321770027108,2.3820800013312655,2.3578357268199635,2.661470328066072,2.877204690591223,2.4611481218997393,2.6409186970915584,0.08469457973943778,0.09877723045385547,0.09126332718134858,0.08526431132355106,0.10001133578275406,0.08658349698104507,0.08631137845014801
39.0,2.1435173884728163,2.3802880921011993,2.3574197399644445,2.6584113788696135,2.8767097738047736,2.4599658055913074,2.639614693163928,0.08476370625346442,0.0990780521963056,0.09139784482607297,0.08527297472416916,0.10009143779851214,0.08656325595138896,0.08625305001187565
40.0,2.1439611936295435,2.37855389134453,2.3571247727034157,2.6554700723372426,2.876309276002409,2.4589158182143604,2.6384645442635164,0.08486352970419613,0.09940253470293502,0.09156092379344914,0.08530669842408524,0.10019674764305943,0.08657146904394175,0.08621987791614229
41.0,2.1445058125970387,2.376839583192663,2.356902720732495,2.6526097125198747,2.875971402603889,2.457950800062095,2.637417339274891,0.08499394113172311,0.09975022811226235,0.09175301630839874,0.08536616628011688,0.1003270343387868,0.08660876049641045,0.08621252523910058
42.0,2.1451079422311246,2.3751073517770016,2.356705479747323,2.649793603468401,2.8756643590289825,2.457023391427709,2.6364221670826042,0.08515485840342471,0.10012070432390147,0.0919746024501364,0.08545209204092179,0.10048207983156768,0.08667578494069406,0.08623168307099945
43.0,2.145724279387564,2.3733193812289533,2.356484945443545,2.646985049233766,2.8753563506974467,2.4560862326044064,2.635428116571251,0.08534622909021783,0.10051355623368811,0.09222619085765071,0.08556522020235367,0.10066167951292768,0.08677322763290761,0.08627807222971445
44.0,2.1463115209221795,2.371437855679926,2.356193013516797,2.644147353866866,2.8750155830290556,2.455091963885355,2.6343842766253895,0.08556803359029877,0.10092839694937908,0.0925083194863234,0.08570632686792813,0.100865642942839,0.0869018046840105,0.08635244507104806
45.0,2.1468263636907645,2.369424959261319,2.3557815796627155,2.641243821418601,2.8746102614435682,2.453993225563784,2.6332397361295805,0.0858202885020874,0.10136485897509323,0.09282155641646199,0.0858762206246496,0.10109379477837241,0.08706226329606662,0.0864555874112469
46.0,2.147225504549106,2.367242876104534,2.355202539576932,2.6382377559399,2.8741085913607503,2.4527426579328697,2.631943583968378,0.08610305025418441,0.10182259335459791,0.09316650071430177,0.0860757434431688,0.10134597591983469,0.08725538200787548,0.0865883205760541
47.0,2.147465640352992,2.3648537903409896,2.3544077889550974,2.635092461481667,2.8734787782003592,2.451292901285816,2.6304449090263673,0.08641641900701727,0.10230126876579883,0.09354378334575116,0.08630577160958704,0.10162204489306963,0.08748197095221978,0.08675150358916466
48.0,2.1475034679582516,2.362219886102063,2.3533492234928404,2.631771242094826,2.8726890273821803,2.449596595915815,2.6286928001881273,0.08676054284849988,0.10280057056137346,0.0939540681427837,0.08656721669417912,0.10192187949437077,0.08774287212528108,0.08694603551118342
49.0,2.147295684220648,2.359303347519186,2.351978738885797,2.6282374018302668,2.8717075443259645,2.4476063821160587,2.6266363463382,0.08713562231449286,0.10332019975341773,0.09439805282196444,0.08686102655986148,0.10224537873307434,0.08803895966689171,0.08717285793808245
50.0,2.146798985995987,2.3560663587237545,2.350248230829605,2.624454244738915,2.8705025344514694,2.445274900179736,2.6242246363611668,0.08754191527416402,0.10385987194327935,0.09487647005411368,0.08718818641037436,0.10259246511650236,0.08837114014820435,0.08743295766571857
51.0,2.145979336334751,2.3524795318127922,2.348120072631992,2.6203932575442526,2.8690488018596993,2.4425655516108646,2.621418314056654,0.08797911979238257,0.10441932360266486,0.0953897790000834,0.08754947885172946,0.10296336232450311,0.08874021365557362,0.08772723175802717
52.0,2.144839763066206,2.348547190745808,2.34559854804893,2.6160586576599436,2.8673475453764823,2.43948478275655,2.618224242884499,0.08844448334887653,0.10499832748237792,0.09593722821744537,0.08794475345967373,0.10335943290256426,0.08914645520295658,0.08805607417207201
53.0,2.1433925602142736,2.3442820874479366,2.3426984184484763,2.611462845172285,2.8654065625089213,2.4360498011747325,2.6146608412196057,0.08893461299229856,0.10559665993670798,0.0965177664416371,0.08837363582056729,0.10378237246930756,0.0895900320478637,0.08841978568054551
54.0,2.141650021802914,2.3396969738443008,2.3394344451987044,2.606618220167517,2.8632336507640703,2.4322778144233386,2.6107465274368917,0.08944607160864113,0.10621409206254014,0.09713034574512269,0.0888357668249817,0.10423393808660296,0.09007114584166082,0.08881871135801846
55.0,2.139624441856079,2.3348046018600317,2.3358213896676676,2.6015371827318905,2.8608366076490137,2.4281860300602953,2.606499719911234,0.08997535860928106,0.10685038957967638,0.09777391734692051,0.08933080292544336,0.10471594843285106,0.090590035278643,0.08925324036964555
56.0,2.137328114397682,2.3296177234202675,2.3318740132234237,2.596232132951669,2.8582232306708137,2.4237916556435373,2.6019388370175767,0.09051889143982436,0.10750531256781706,0.09844742754399603,0.08985841631188661,0.10523028320122714,0.0911469779191992,0.08972380515886554
57.0,2.1347733334516974,2.3241490904501214,2.3276070772340574,2.5907154709131097,2.8554013173365633,2.4191118987309896,2.5970822971307927,0.09107298781015406,0.10817861505660815,0.09914981374095261,0.09041829501664173,0.10577888165786542,0.09174229116646548,0.09023088002958095
58.0,2.1319723930420436,2.318411454874752,2.3230353430675827,2.58499959670247,2.852378665153305,2.414163966880577,2.591948518625792,0.09163384857231209,0.10887004446701418,0.09988000055301764,0.09101014295232618,0.10636374030768488,0.0923763323595076,0.09077497911237868
59.0,2.1289375871926945,2.3124175686192596,2.3181735720921033,2.579096910406012,2.849163071628141,2.4089650676502377,2.586555919877476,0.09219754121684086,0.109579340901972,0.1006368959573571,0.09163367987511427,0.10698690962696328,0.09304949792383782,0.09135665369410056
60.0,2.1256812099275564,2.3061801836087787,2.31303652567567,2.5730198121099774,2.84576233426814,2.403532408597885,2.5809229192607677,0.09275998402161793,0.11030623628165431,0.10141938746942294,0.09228864125224372,0.10765048983175726,0.09376222149136221,0.09197648887507151
61.0,2.1222155552705853,2.2997120517684566,2.30763896518633,2.5667807019006514,2.84218425058037,2.3978831972814794,2.5750679351505337,0.09331693097204707,0.11105045331351789,0.10222633832449236,0.09297477799599975,0.10835662565965862,0.09451497086618593,0.09263509949815975
62.0,2.1185529172457476,2.2930259250234184,2.3019956519921556,2.560391979864269,2.838436618071916,2.3920346412589053,2.5690093859217127,0.0938639576800782,0.11181170427941993,0.10305658365001139,0.09369185600655593,0.10910750014880652,0.09530824366977678,0.09333312526832206
63.0,2.114705589876953,2.2861345552987746,2.296121347461198,2.553866046087082,2.834527234249836,2.3860039480881214,2.562765689949199,0.09439644866451034,0.11258968961125962,0.10390892662197314,0.09443965544281001,0.10990532740214887,0.09614256144888042,0.09407122495031542
64.0,2.110685867188165,2.279050694519684,2.2900308129615294,2.5472153006553704,2.8304638966212097,2.3798083253270392,2.556355265607879,0.09490958651919607,0.1133840962127137,0.10478213460853758,0.09521796961377357,0.11075234432621395,0.09701846197286632,0.09485006949610054
65.0,2.1065060432033254,2.27178709461126,2.28373880986121,2.5404521436553793,2.826254402693119,2.373464980533607,2.5497965312726745,0.0953983436918003,0.11419459546759392,0.10567493531659082,0.09602660335345876,0.11165080133171382,0.09793648938518862,0.09567033391281726
66.0,2.102178411946374,2.264356507498635,2.2772600995282883,2.5335889751733536,2.8219065499726224,2.3669911212657393,2.54310790531849,0.09585747782602344,0.11502084085529383,0.10658601297205271,0.09686537071028326,0.11260295197784101,0.098897181808721,0.09653268763839531
67.0,2.0977152674412496,2.256771685106936,2.270609443330844,2.5266381952955816,2.8174281359668063,2.360403955081371,2.536307806120227,0.09628153188601923,0.11586246507099401,0.1075140045824784,0.09773409174906934,0.11361104153296342,0.09990105594054416,0.09743778314699672
68.0,2.0931289037118987,2.2490453793612923,2.263801602636924,2.519612204108289,2.8128269581827405,2.3537206895384157,2.5294146520527754,0.09666484058269237,0.11671907652341315,0.1084574963507158,0.09863258823184932,0.1146772944116543,0.10094858811380031,0.09838624246373628
69.0,2.088431614782264,2.241190342186849,2.256851338814592,2.5125234016977513,2.8081108141275024,2.3469585321948094,2.5224468614910642,0.09700154495419686,0.11759025505700356,0.10941502033067992,0.09956067791602748,0.11580390043191771,0.10204019126010429,0.09937864123197833
70.0,2.0836356946762944,2.2332193255087103,2.2497734132319054,2.5053841881502223,2.8032875013081577,2.3401346906084974,2.5154228528099813,0.0972856173092092,0.11847554672026614,0.11038505143992519,0.10051816718946686,0.1169929998178136,0.10317618718602994,0.10041548995303397
71.0,2.078753437417927,2.2251450812520344,2.2425825872569405,2.4982069635519593,2.7983648172317825,2.333266372337388,2.508361044384427,0.09751089910658278,0.11937445737972815,0.11136600496740262,0.10150484175778014,0.11824666685253453,0.10435677359470429,0.10149721201516437
72.0,2.0737971370311037,2.216980361341924,2.2352936222577293,2.49100412798921,2.793350559405465,2.326370784939422,2.501279854589313,0.0976711546946352,0.12028644496340539,0.11235623473667446,0.10252045511730891,0.11956689206693463,0.1055819853550797,0.1026241181562765
73.0,2.0687790875397707,2.2087379177035253,2.227921279602362,2.483788081548251,2.788252525336259,2.3194651359725142,2.4941977017995343,0.09776014413100115,0.12121091011258954,0.1133540321022598,0.10356471459749998,0.12095556283069157,0.10685164966660332,0.10379637707426918
74.0,2.0637115829678647,2.200430502261972,2.2204803206588806,2.476571224315331,2.7830785125312505,2.3125666329946024,2.487133004390002,0.09777171849766703,0.12214718503190476,0.11435762596615939,0.10463726484954937,0.12241444220042712,0.10816533500753246,0.10501398202377449
75.0,2.0586069173393526,2.192070866942395,2.2129855067953565,2.469365956376693,2.7778363184975023,2.305692483563622,2.4801041807356237,0.09769994114501757,0.12309452036093396,0.11536518399851137,0.10573766880577239,0.12394514587456516,0.10952229411327322,0.10627671343155824
76.0,2.0534773846781507,2.1836717636699023,2.205451599379851,2.462184677818621,2.7725337407421082,2.2988598952374857,2.4731296492112977,0.09753923805302801,0.12405206995291264,0.11637481522571086,0.10686538634654591,0.12554911711247418,0.11092140172647912,0.10758409783734607
77.0,2.0483352790082283,2.175245944369642,2.1978933597804127,2.455039788727348,2.7671785767721166,2.292086075574131,2.46622782819193,0.09728457987711062,0.12501887354314906,0.11738457410581471,0.10801975119571265,0.12722759950006443,0.1123610885056932,0.1089353638305836
78.0,2.0431928943534796,2.1668061609667415,2.1903255493651215,2.4479436891891395,2.761778624094626,2.2853882321314836,2.459417136052411,0.09693169712559001,0.12599383742638418,0.11839246613997809,0.10919994692066415,0.12898160749050236,0.11383927327317363,0.11032939610733072
79.0,2.0380625247379065,2.1583651653863307,2.182762929502018,2.4409087792902593,2.7563416802166922,2.278783572467481,2.452715991167672,0.09647732816553316,0.12697571343919264,0.11939645496709118,0.11040498332801975,0.13081189472219568,0.11535329670331106,0.11176468930377874
80.0,2.032956464185422,2.1499357095535463,2.1752202615591707,2.4339474591169648,2.750875542645405,2.2722893041400436,2.446142811912594,0.09591949725699565,0.1279630767560295,0.12039447075723958,0.11163367499146376,0.13271892022161888,0.11689986054976817,0.11323930384551094
81.0,2.027887006719972,2.1415305453934956,2.1677123069046482,2.4270721287555,2.7453880088878266,2.265922634707096,2.4397160166620826,0.09525781649622786,0.12895430324317958,0.12138441956377066,0.1128846240758079,0.13470281273990276,0.11847497749504275,0.11475082663520866
82.0,2.022866446365489,2.13316242483133,2.160253826906504,2.4202951882921355,2.7398868764510347,2.25970077172657,2.433454023791058,0.0944938014064228,0.1299475473515891,0.12236419312602333,0.11415620995905294,0.13676333365175597,0.12007393755380402,0.11629633991324873
83.0,2.0179070771459346,2.1248440997921736,2.152859582932794,2.4136290378131227,2.7343799428420956,2.2536409227564067,2.427375251674403,0.09363118507160036,0.13094072173542123,0.12333167845500972,0.1154465883105004,0.13889983906286205,0.121691297507964,0.11787240197112701
84.0,2.0130211930852555,2.116588322201163,2.145544336351585,2.4070860774047205,2.728875005568089,2.247760295354515,2.421498118687035,0.09267621045427539,0.13193147991828266,0.1242847664089134,0.1167537021555441,0.14111124202309888,0.1233208999106641,0.1194750434684493
85.0,2.0082210882073808,2.1084078439834184,2.1383228485309425,2.4006787071531837,2.7233798621360816,2.2420760970788263,2.4158410432038355,0.09163787536756118,0.13291720335044727,0.12522135840412152,0.11807530695132785,0.14339597601823403,0.12495592758380811,0.12109978279296262
86.0,2.0035190565362573,2.1003154170640648,2.131209880838926,2.3944193271447762,2.717902310053169,2.2366055354872816,2.4104224435997548,0.09052810021309032,0.1338949940707256,0.12613937043862491,0.11940901074889733,0.14575196119604467,0.12658899810398852,0.12274166312555741
87.0,1.998927392095834,2.0923237933682417,2.124220194643579,2.3883203374657516,2.712450146826406,2.2313658181377973,2.4052607382496514,0.08936178598813915,0.13486167388501288,0.1270367337469318,0.12075232912564669,0.14817657505024548,0.1282123004619989,0.12439531259432376
88.0,1.9944583889100458,2.0844457248210775,2.117368551312997,2.382394138202357,2.7070311699628724,2.2263741525883094,2.400374345528458,0.08815673029885732,0.13581379050742204,0.12791139166182985,0.12210275282427523,0.15066662950501516,0.12981777295387886,0.126055027165683
89.0,1.9901243410028409,2.07669396334771,2.1106697122152083,2.376653129440877,2.701653176969643,2.221647746396742,2.3957816838110584,0.0869333732995223,0.136747630523238,0.1287612926101221,0.12345782412154603,0.15321835647417317,0.13139731763091428,0.12771487386162175
90.0,1.985937542398161,2.0690812608732623,2.10413843871828,2.3711097112675383,2.696323965353785,2.217203807121029,2.391501171472363,0.08571435452909179,0.13765923840749114,0.12958437957783228,0.12481521615662777,0.1558274039663808,0.13294304266769366,0.12936880973780884
91.0,1.9819102871199465,2.0616203693228545,2.097789492190284,2.3657762837686063,2.6910513326223797,2.213059542319094,2.38755122688727,0.08452387598362032,0.13854444027867285,0.13037857679199,0.12617280811617673,0.1584888446246422,0.13444752028018303,0.13101081010319865
92.0,1.9780548691921533,2.0543240406216308,2.0916376339992833,2.3606652470303633,2.685843076282499,2.209232159548863,2.383950268430698,0.08338688608932976,0.13939887070093848,0.1311417747249118,0.1275287486347505,0.16119719818605122,0.1359040448593643,0.13263499802163284
93.0,1.974383582638702,2.0472050266947126,2.0856976255133146,2.3557890011390232,2.680706993841222,2.205738866368279,2.380716714477538,0.0823281220377597,0.14021800076496807,0.13187181478724375,0.12888150026830725,0.16394646870689888,0.13730687424570898,0.1342357664780935
94.0,1.970908721483555,2.040276079467232,2.079984228100458,2.3511599461808808,2.675650882805599,2.2025968703352534,2.3778689834027147,0.08137107138872064,0.14099716592058872,0.1325664752123297,0.13022985951310317,0.16673019653285315,0.13865143687494086,0.1358078848748656
95.0,1.9676425797506523,2.0335499508643187,2.0745122031287857,2.346790482242178,2.670682540682741,2.1998233790077175,2.375425493581102,0.08053693387419755,0.14173159257440898,0.13322345964306007,0.13157294943533646,0.16954152396293057,0.1399344889865026,0.13734658275037082
